,A,IndicesInteractionProtein,KnownProteins,MaxNumInteractionProtein,N,NumInteractionProtein,ProteinLabel,ProteinLabelPairs
0,0,2.0,1,52.0,990.0,20,['YDL097C'],1.0
1,1,16.0,1,,,23,['YHL030W'],2.0
2,0,23.0,1,,,16,['YLR115W'],
3,0,32.0,1,,,17,['YKR002W'],
4,0,33.0,1,,,16,['YAL043C'],
5,0,37.0,1,,,17,['YDR195W'],
6,0,41.0,1,,,12,['YHR069C'],
7,0,82.0,1,,,12,['YOL021C'],
8,0,130.0,1,,,12,['YGR095C'],
9,0,142.0,1,,,11,['YGR195W'],
10,0,177.0,1,,,11,['YCR035C'],
11,0,178.0,1,,,14,['YNL317W'],
12,0,206.0,1,,,15,['YKL059C'],
13,0,232.0,1,,,14,['YDR301W'],
14,0,267.0,1,,,12,['YDL111C'],
15,1,308.0,1,,,23,['YKL145W'],
16,0,359.0,1,,,16,['YGR013W'],
17,0,362.0,1,,,16,['YDR240C'],
18,0,430.0,1,,,13,['YDR280W'],
19,0,474.0,1,,,13,['YGR158C'],
20,0,0.0,1,,,14,['YCR052W'],
21,0,0.0,1,,,13,['YKR008W'],
22,1,0.0,1,,,25,['YDR427W'],
23,0,0.0,1,,,13,['YJR093C'],
24,0,0.0,1,,,16,['YGL066W'],
25,0,0.0,1,,,19,['YDR448W'],
26,0,0.0,1,,,15,['YMR091C'],
27,0,0.0,1,,,14,['YLR055C'],
28,0,0.0,1,,,14,['YLR277C'],
29,0,0.0,1,,,18,['YGL151W'],
30,0,0.0,1,,,16,['YOL135C'],
31,1,0.0,1,,,17,['YLR421C'],
32,1,0.0,1,,,20,['YFR052W'],
33,0,0.0,1,,,23,['YBR253W'],
34,0,0.0,1,,,38,['YHR165C'],
35,0,0.0,1,,,43,['YER172C'],
36,1,0.0,1,,,28,['YHR027C'],
37,0,0.0,1,,,13,['YLR033W'],
38,0,0.0,1,,,16,['YBR081C'],
39,0,0.0,1,,,22,['YPR070W'],
40,1,0.0,1,,,26,['YDL147W'],
41,0,0.0,1,,,17,['YKL018W'],
42,0,0.0,1,,,15,['YOL148C'],
43,0,0.0,1,,,16,['YER022W'],
44,0,0.0,1,,,13,['YLR321C'],
45,0,0.0,1,,,20,['YPL013C'],
46,0,0.0,1,,,19,['YHL004W'],
47,0,0.0,1,,,23,['YGL112C'],
48,0,0.0,1,,,19,['YBR198C'],
49,0,0.0,1,,,14,['YOR116C'],
50,0,0.0,1,,,13,['YOR207C'],
51,0,0.0,1,,,13,['YPR107C'],
52,0,,1,,,17,['YLR071C'],
53,0,,1,,,19,['YBR251W'],
54,0,,1,,,10,['YOR076C'],
55,0,,1,,,10,['YOR001W'],
56,0,,1,,,10,['YOL142W'],
57,0,,1,,,7,['YLR166C'],
58,0,,1,,,7,['YBR102C'],
59,0,,1,,,7,['YER008C'],
60,0,,1,,,7,['YDR166C'],
61,0,,1,,,7,['YIL068C'],
62,0,,1,,,12,['YPR190C'],
63,0,,1,,,10,['YNL232W'],
64,0,,1,,,14,['YPL254W'],
65,0,,1,,,14,['YLR298C'],
66,0,,1,,,14,['YKL012W'],
67,0,,1,,,12,['YNR003C'],
68,0,,1,,,6,['YDL029W'],
69,0,,1,,,6,['YJR065C'],
70,0,,1,,,16,['YHR086W'],
71,0,,1,,,14,['YIL126W'],
72,0,,1,,,17,['YDR041W'],
73,0,,1,,,6,['YBR234C'],
74,0,,1,,,6,['YIL062C'],
75,0,,1,,,6,['YLR370C'],
76,0,,1,,,6,['YKL013C'],
77,0,,1,,,6,['YNR035C'],
78,0,,1,,,33,['YOR272W'],
79,0,,1,,,39,['YOL077C'],
80,0,,1,,,17,['YDR036C'],
81,1,,1,,,32,['YHR200W'],
82,0,,1,,,14,['YIL061C'],
83,0,,1,,,20,['YFR037C'],
84,0,,1,,,8,['YFR051C'],
85,0,,1,,,8,['YDL145C'],
86,0,,1,,,12,['YGR056W'],
87,0,,1,,,11,['YDR235W'],
88,0,,1,,,8,['YDR238C'],
89,0,,1,,,12,['YPL139C'],
90,0,,1,,,12,['YNL330C'],
91,0,,1,,,12,['YDL150W'],
92,0,,1,,,13,['YER133W'],
93,0,,1,,,48,['YHR052W'],
94,0,,1,,,7,['YIL076W'],
95,0,,1,,,11,['YNL059C'],
96,0,,1,,,10,['YGL150C'],
97,0,,1,,,8,['YGL137W'],
98,0,,1,,,13,['YGR104C'],
99,0,,1,,,12,['YML046W'],
100,0,,1,,,13,['YIL021W'],
101,0,,1,,,13,['YDR404C'],
102,0,,1,,,22,['YDR296W'],
103,0,,1,,,23,['YCR046C'],
104,0,,1,,,12,['YDR392W'],
105,0,,1,,,11,['YBR119W'],
106,0,,1,,,7,['YML071C'],
107,0,,1,,,7,['YER157W'],
108,0,,1,,,7,['YPR105C'],
109,0,,1,,,7,['YNL051W'],
110,0,,1,,,12,['YCL010C'],
111,0,,1,,,6,['YJL085W'],
112,0,,1,,,6,['YGL233W'],
113,0,,1,,,9,['YER092W'],
114,0,,1,,,20,['YDR145W'],
115,0,,1,,,8,['YLR291C'],
116,0,,1,,,8,['YDR211W'],
117,0,,1,,,23,['YDR303C'],
118,0,,1,,,7,['YOR260W'],
119,0,,1,,,13,['YGR005C'],
120,0,,1,,,17,['YAL032C'],
121,0,,1,,,18,['YMR213W'],
122,0,,1,,,6,['YCR033W'],
123,0,,1,,,6,['YGL194C'],
124,0,,1,,,6,['YIL112W'],
125,0,,1,,,14,['YNL236W'],
126,0,,1,,,7,['YBR103W'],
127,0,,1,,,12,['YDL002C'],
128,0,,1,,,18,['YLL036C'],
129,1,,1,,,15,['YPR108W'],
130,0,,1,,,9,['YOL145C'],
131,0,,1,,,9,['YLR418C'],
132,0,,1,,,10,['YER025W'],
133,0,,1,,,6,['YPL045W'],
134,0,,1,,,6,['YMR231W'],
135,0,,1,,,6,['YLR396C'],
136,0,,1,,,9,['YMR263W'],
137,0,,1,,,8,['YCR077C'],
138,0,,1,,,8,['YJL124C'],
139,0,,1,,,20,['YGR220C'],
140,0,,1,,,17,['YMR236W'],
141,1,,1,,,16,['YFR004W'],
142,0,,1,,,19,['YDR378C'],
143,0,,1,,,18,['YBL026W'],
144,0,,-1,,,28,['YLR074C'],
145,0,,1,,,22,['YNR053C'],
146,0,,1,,,22,['YDL087C'],
147,0,,-1,,,16,['YMR061W'],
148,0,,1,,,26,['YGR245C'],
149,0,,1,,,10,['YKL144C'],
150,0,,1,,,15,['YBR055C'],
151,0,,1,,,17,['YPR178W'],
152,0,,1,,,27,['YER112W'],
153,0,,1,,,12,['YGR156W'],
154,0,,1,,,39,['YKR081C'],
155,0,,-1,,,32,['YFR001W'],
156,0,,1,,,33,['YOR206W'],
157,0,,1,,,12,['YPR103W'],
158,0,,1,,,12,['YOR362C'],
159,0,,1,,,11,['YJL176C'],
160,0,,1,,,11,['YBR289W'],
161,0,,1,,,8,['YFL013C'],
162,0,,1,,,11,['YGL070C'],
163,0,,1,,,16,['YLR357W'],
164,0,,1,,,14,['YOR039W'],
165,0,,1,,,17,['YGL019W'],
166,0,,1,,,19,['YML025C'],
167,0,,-1,,,16,['YNL147W'],
168,0,,1,,,44,['YGR090W'],
169,0,,1,,,52,['YCR057C'],
170,0,,1,,,34,['YJL109C'],
171,0,,1,,,13,['YOR061W'],
172,0,,1,,,18,['YIL035C'],
173,0,,-1,,,6,['YML067C'],
174,0,,1,,,6,['YNL287W'],
175,0,,1,,,7,['YOR141C'],
176,1,,1,,,18,['YOR261C'],
177,1,,1,,,23,['YIL075C'],
178,0,,1,,,10,['YPL016W'],
179,0,,1,,,20,['YPR034W'],
180,0,,1,,,18,['YMR093W'],
181,0,,1,,,23,['YDR324C'],
182,0,,1,,,11,['YIL084C'],
183,0,,1,,,40,['YPR016C'],
184,0,,1,,,33,['YGR103W'],
185,0,,1,,,20,['YGR091W'],
186,0,,1,,,17,['YDR473C'],
187,0,,1,,,5,['YGL145W'],
188,0,,1,,,6,['YLR440C'],
189,0,,1,,,8,['YJL183W'],
190,0,,1,,,8,['YEL036C'],
191,0,,1,,,34,['YNL061W'],
192,0,,1,,,36,['YDR496C'],
193,0,,1,,,23,['YMR290C'],
194,0,,1,,,27,['YMR049C'],
195,0,,1,,,18,['YPR110C'],
196,0,,1,,,17,['YOR151C'],
197,0,,1,,,34,['YDR101C'],
198,0,,1,,,5,['YHR118C'],
199,0,,1,,,6,['YML065W'],
200,0,,1,,,30,['YKL173W'],
201,0,,1,,,18,['YDR429C'],
202,0,,1,,,18,['YMR309C'],
203,0,,1,,,7,['YPL210C'],
204,0,,1,,,7,['YPR088C'],
205,1,,-1,,,16,['YFR010W'],
206,0,,1,,,18,['YLR117C'],
207,0,,1,,,14,['YGL011C'],
208,0,,1,,,5,['YOR075W'],
209,0,,1,,,13,['YGR252W'],
210,0,,1,,,9,['YAR007C'],
211,0,,1,,,7,['YJL173C'],
212,0,,1,,,14,['YBL038W'],
213,0,,1,,,5,['YPL243W'],
214,0,,1,,,5,['YDL092W'],
215,0,,1,,,6,['YGR083C'],
216,0,,1,,,6,['YGL098W'],
217,0,,1,,,6,['YKR026C'],
218,0,,1,,,11,['YHL025W'],
219,0,,1,,,36,['YHR196W'],
220,0,,1,,,6,['YBR060C'],
221,0,,1,,,5,['YJR076C'],
222,0,,1,,,5,['YCR002C'],
223,0,,1,,,5,['YDL225W'],
224,0,,1,,,10,['YKR068C'],
225,0,,1,,,10,['YBR254C'],
226,0,,1,,,32,['YPR144C'],
227,0,,1,,,7,['YDR472W'],
228,0,,1,,,15,['YDL209C'],
229,0,,1,,,11,['YGR278W'],
230,0,,1,,,27,['YMR125W'],
231,1,,1,,,16,['YER021W'],
232,0,,1,,,9,['YML127W'],
233,0,,1,,,37,['YNL110C'],
234,0,,1,,,38,['YER006W'],
235,0,,1,,,8,['YGR231C'],
236,0,,1,,,7,['YGR132C'],
237,0,,1,,,8,['YOR244W'],
238,0,,1,,,9,['YFL024C'],
239,0,,1,,,19,['YPL126W'],
240,0,,1,,,10,['YDR176W'],
241,0,,1,,,18,['YGL111W'],
242,0,,1,,,10,['YDR097C'],
243,0,,1,,,6,['YKR029C'],
244,0,,1,,,8,['YMR005W'],
245,0,,1,,,7,['YPL011C'],
246,0,,-1,,,15,['YDR190C'],
247,0,,1,,,7,['YOR340C'],
248,0,,1,,,9,['YOR341W'],
249,0,,1,,,7,['YKR025W'],
250,0,,1,,,4,['YLR314C'],
251,0,,1,,,4,['YHR107C'],
252,0,,1,,,5,['YLR148W'],
253,0,,1,,,9,['YHR167W'],
254,0,,1,,,9,['YDR138W'],
255,0,,1,,,5,['YGL092W'],
256,0,,1,,,5,['YDL116W'],
257,0,,1,,,5,['YNL261W'],
258,0,,1,,,4,['YPR162C'],
259,0,,1,,,9,['YPL181W'],
260,0,,1,,,7,['YDL076C'],
261,0,,1,,,9,['YML015C'],
262,0,,1,,,5,['YDR080W'],
263,0,,1,,,7,['YPL050C'],
264,0,,1,,,9,['YMR273C'],
265,0,,1,,,18,['YMR033W'],
266,1,,1,,,15,['YGL048C'],
267,0,,-1,,,8,['YGL207W'],
268,0,,1,,,4,['YPL018W'],
269,0,,1,,,4,['YGR179C'],
270,0,,1,,,4,['YLR381W'],
271,0,,1,,,6,['YJL081C'],
272,0,,1,,,5,['YML105C'],
273,0,,1,,,16,['YJL001W'],
274,0,,1,,,19,['YOL004W'],
275,0,,1,,,8,['YOR290C'],
276,0,,1,,,8,['YOR249C'],
277,0,,1,,,8,['YKL022C'],
278,0,,1,,,26,['YDR449C'],
279,0,,1,,,13,['YPR041W'],
280,0,,1,,,28,['YFL002C'],
281,0,,1,,,5,['YOR110W'],
282,0,,1,,,5,['YBR123C'],
283,0,,1,,,5,['YPL007C'],
284,0,,-1,,,31,['YCL059C'],
285,0,,1,,,5,['YLR127C'],
286,0,,1,,,9,['YDR443C'],
287,0,,-1,,,5,['YCR093W'],
288,0,,-1,,,4,['YGR134W'],
289,0,,-1,,,4,['YNL288W'],
290,0,,-1,,,5,['YDR430C'],
291,0,,-1,,,6,['YBR221C'],
292,0,,1,,,10,['YDL115C'],
293,0,,1,,,4,['YKL057C'],
294,0,,1,,,4,['YGL100W'],
295,0,,1,,,33,['YPL093W'],
296,0,,1,,,10,['YHR041C'],
297,0,,1,,,8,['YJL140W'],
298,0,,1,,,10,['YDR416W'],
299,0,,1,,,12,['YBR079C'],
300,0,,1,,,5,['YPL138C'],
301,0,,1,,,6,['YAR003W'],
302,0,,-1,,,5,['YAL021C'],
303,0,,1,,,4,['YNL258C'],
304,0,,1,,,5,['YPL237W'],
305,0,,1,,,4,['YNL172W'],
306,0,,1,,,4,['YHR166C'],
307,1,,1,,,26,['YOL038W'],
308,0,,1,,,5,['YPL086C'],
309,0,,1,,,4,['YGR200C'],
310,0,,1,,,4,['YHR187W'],
311,0,,1,,,6,['YEL051W'],
312,0,,1,,,7,['YOR332W'],
313,0,,1,,,12,['YGR274C'],
314,0,,1,,,5,['YNL312W'],
315,0,,1,,,4,['YLR015W'],
316,0,,1,,,13,['YNL251C'],
317,0,,1,,,11,['YPL190C'],
318,0,,-1,,,4,['YKL045W'],
319,0,,-1,,,4,['YNL102W'],
320,0,,-1,,,4,['YIR008C'],
321,0,,1,,,5,['YJR007W'],
322,0,,1,,,33,['YDR060W'],
323,0,,1,,,31,['YPL043W'],
324,0,,1,,,24,['YER082C'],
325,0,,1,,,6,['YDL160C'],
326,0,,1,,,17,['YJL203W'],
327,0,,1,,,15,['YPL213W'],
328,0,,1,,,8,['YJR063W'],
329,0,,1,,,17,['YHR197W'],
330,0,,-1,,,15,['YHR064C'],
331,0,,-1,,,13,['YGR285C'],
332,0,,1,,,49,['YBR247C'],
333,0,,1,,,26,['YPR137W'],
334,0,,1,,,10,['YML062C'],
335,0,,1,,,11,['YOR308C'],
336,0,,1,,,4,['YAL002W'],
337,0,,1,,,5,['YPR055W'],
338,0,,1,,,15,['YOR361C'],
339,0,,1,,,5,['YDR359C'],
340,0,,1,,,4,['YDR179C'],
341,0,,1,,,4,['YDL216C'],
342,0,,1,,,4,['YIL071C'],
343,0,,1,,,7,['YCR081W'],
344,0,,1,,,5,['YPL010W'],
345,0,,1,,,4,['YDL077C'],
346,0,,1,,,14,['YMR240C'],
347,0,,1,,,10,['YDR167W'],
348,0,,1,,,4,['YJR075W'],
349,0,,1,,,6,['YDR245W'],
350,0,,1,,,31,['YPL131W'],
351,0,,1,,,41,['YER029C'],
352,0,,1,,,16,['YPL178W'],
353,0,,1,,,18,['YHR088W'],
354,0,,1,,,20,['YBR245C'],
355,0,,1,,,19,['YPR187W'],
356,0,,1,,,4,['YPR029C'],
357,0,,1,,,4,['YKL135C'],
358,1,,1,,,11,['YDL007W'],
359,0,,1,,,4,['YDL051W'],
360,0,,1,,,4,['YLR170C'],
361,1,,1,,,16,['YDR394W'],
362,0,,1,,,4,['YOR115C'],
363,0,,1,,,4,['YDR108W'],
364,0,,1,,,8,['YGR020C'],
365,0,,1,,,10,['YBR127C'],
366,0,,1,,,30,['YDL148C'],
367,0,,-1,,,18,['YBR152W'],
368,0,,1,,,19,['YER126C'],
369,0,,-1,,,9,['YDL185W'],
370,0,,1,,,26,['YOR310C'],
371,0,,1,,,18,['YML049C'],
372,0,,1,,,13,['YMR288W'],
373,0,,1,,,27,['YOR063W'],
374,0,,1,,,23,['YJL033W'],
375,0,,-1,,,13,['YDR224C'],
376,0,,-1,,,12,['YBL003C'],
377,0,,1,,,6,['YNL139C'],
378,0,,1,,,7,['YDR347W'],
379,0,,1,,,9,['YOR174W'],
380,0,,1,,,10,['YNL182C'],
381,0,,1,,,6,['YGL025C'],
382,0,,1,,,9,['YLR208W'],
383,0,,-1,,,4,['YJL061W'],
384,0,,-1,,,4,['YER107C'],
385,0,,1,,,22,['YOR078W'],
386,0,,1,,,22,['YPL211W'],
387,0,,1,,,16,['YNL207W'],
388,0,,1,,,19,['YDL060W'],
389,0,,1,,,9,['YLR052W'],
390,0,,1,,,5,['YHR119W'],
391,0,,1,,,6,['YBR087W'],
392,0,,1,,,6,['YNL290W'],
393,0,,1,,,4,['YDR155C'],
394,0,,-1,,,11,['YLR274W'],
395,0,,1,,,8,['YAL029C'],
396,0,,-1,,,6,['YGL167C'],
397,0,,-1,,,5,['YLR335W'],
398,0,,-1,,,8,['YNL189W'],
399,0,,1,,,11,['YPR023C'],
400,0,,1,,,11,['YLR409C'],
401,0,,1,,,10,['YJL069C'],
402,0,,1,,,14,['YGR128C'],
403,0,,1,,,11,['YGL128C'],
404,0,,-1,,,7,['YJL041W'],
405,0,,1,,,10,['YDL030W'],
406,0,,1,,,20,['YNL002C'],
407,0,,1,,,5,['YNL004W'],
408,0,,1,,,6,['YNR023W'],
409,0,,1,,,9,['YML092C'],
410,0,,1,,,8,['YGL190C'],
411,0,,1,,,9,['YAL016W'],
412,0,,1,,,8,['YJL098W'],
413,0,,1,,,8,['YDL047W'],
414,0,,1,,,4,['YGL223C'],
415,0,,1,,,4,['YGR120C'],
416,0,,1,,,4,['YNL041C'],
417,0,,1,,,4,['YGL005C'],
418,0,,-1,,,12,['YLR347C'],
419,0,,1,,,6,['YOL094C'],
420,0,,1,,,4,['YLR384C'],
421,0,,1,,,7,['YPL085W'],
422,0,,1,,,9,['YPR181C'],
423,0,,1,,,6,['YNL151C'],
424,0,,-1,,,18,['YNL284C'],
425,0,,1,,,5,['YGL106W'],
426,0,,1,,,6,['YLR192C'],
427,0,,1,,,4,['YDL156W'],
428,0,,1,,,5,['YBR130C'],
429,1,,1,,,11,['YOR259C'],
430,0,,1,,,8,['YDR462W'],
431,0,,1,,,6,['YGR186W'],
432,0,,1,,,13,['YMR314W'],
433,0,,1,,,7,['YER094C'],
434,0,,1,,,6,['YOR270C'],
435,0,,1,,,5,['YLR447C'],
436,0,,1,,,8,['YDR322W'],
437,0,,-1,,,10,['YER146W'],
438,0,,1,,,19,['YKR001C'],
439,0,,1,,,15,['YPL082C'],
440,0,,1,,,7,['YDL140C'],
441,0,,1,,,5,['YML032C'],
442,0,,1,,,8,['YFR050C'],
443,0,,1,,,6,['YNL097C'],
444,0,,-1,,,8,['YOL086C'],
445,0,,1,,,6,['YNL248C'],
446,0,,1,,,18,['YGR074W'],
447,0,,-1,,,5,['YDR311W'],
448,0,,-1,,,4,['YLR005W'],
449,0,,1,,,33,['YER165W'],
450,0,,-1,,,6,['YML069W'],
451,0,,1,,,4,['YKL080W'],
452,0,,1,,,8,['YHR058C'],
453,0,,-1,,,10,['YFR013W'],
454,0,,1,,,7,['YDR237W'],
455,0,,-1,,,24,['YBR142W'],
456,0,,1,,,18,['YBR154C'],
457,0,,1,,,8,['YML010W'],
458,0,,1,,,3,['YMR025W'],
459,0,,1,,,3,['YOL117W'],
460,0,,1,,,7,['YBR193C'],
461,0,,-1,,,8,['YBL035C'],
462,0,,-1,,,9,['YCR072C'],
463,0,,1,,,22,['YGL195W'],
464,0,,1,,,25,['YML085C'],
465,0,,1,,,16,['YOR224C'],
466,0,,-1,,,26,['YPL235W'],
467,0,,1,,,30,['YLR180W'],
468,0,,-1,,,32,['YKL029C'],
469,0,,-1,,,6,['YFL007W'],
470,0,,1,,,5,['YML012W'],
471,0,,1,,,4,['YGL200C'],
472,0,,1,,,9,['YPL151C'],
473,1,,1,,,9,['YOR117W'],
474,0,,1,,,19,['YGL173C'],
475,0,,1,,,3,['YPL101W'],
476,0,,1,,,23,['YPR010C'],
477,0,,1,,,4,['YDL175C'],
478,0,,1,,,39,['YDL055C'],
479,0,,1,,,6,['YHR023W'],
480,0,,1,,,26,['YNL132W'],
481,0,,1,,,21,['YGL120C'],
482,0,,1,,,10,['YLR424W'],
483,0,,1,,,3,['YDR318W'],
484,0,,1,,,3,['YDR254W'],
485,0,,-1,,,4,['YAR002W'],
486,0,,1,,,14,['YLR147C'],
487,0,,1,,,24,['YLL045C'],
488,0,,-1,,,3,['YPR056W'],
489,0,,1,,,5,['YMR146C'],
490,0,,1,,,5,['YGL244W'],
491,0,,1,,,15,['YBL004W'],
492,0,,1,,,14,['YHR099W'],
493,0,,1,,,6,['YDL188C'],
494,0,,1,,,35,['YBR009C'],
495,0,,1,,,14,['YPL204W'],
496,0,,-1,,,24,['YML124C'],
497,0,,1,,,4,['YDR073W'],
498,0,,1,,,3,['YAL001C'],
499,0,,1,,,3,['YGR047C'],
500,0,,1,,,3,['YDR362C'],
501,0,,-1,,,28,['YHR010W'],
502,0,,1,,,5,['YFL049W'],
503,0,,1,,,15,['YOL139C'],
504,0,,1,,,19,['YGR162W'],
505,0,,-1,,,8,['YNR052C'],
506,0,,1,,,5,['YKL130C'],
507,0,,1,,,6,['YGL115W'],
508,0,,1,,,6,['YDR477W'],
509,0,,1,,,8,['YBL084C'],
510,0,,1,,,3,['YNL099C'],
511,0,,1,,,3,['YCR095C'],
512,0,,1,,,3,['YNL032W'],
513,0,,1,,,3,['YHL029C'],
514,0,,1,,,4,['YBR279W'],
515,0,,1,,,5,['YIL109C'],
516,0,,-1,,,4,['YMR047C'],
517,0,,-1,,,4,['YIL115C'],
518,0,,1,,,25,['YMR242C'],
519,0,,1,,,8,['YMR116C'],
520,0,,1,,,5,['YLR330W'],
521,0,,1,,,7,['YJL099W'],
522,0,,1,,,15,['YLR275W'],
523,0,,-1,,,12,['YOL010W'],
524,0,,1,,,12,['YPL217C'],
525,0,,1,,,5,['YIL093C'],
526,0,,1,,,5,['YJR101W'],
527,0,,-1,,,8,['YDR062W'],
528,0,,-1,,,8,['YJR077C'],
529,0,,-1,,,49,['YMR229C'],
530,0,,-1,,,13,['YHR085W'],
531,0,,-1,,,12,['YOR056C'],
532,0,,1,,,22,['YPL198W'],
533,0,,-1,,,3,['YOR254C'],
534,0,,-1,,,3,['YBR171W'],
535,0,,-1,,,3,['YLR292C'],
536,0,,-1,,,4,['YPL094C'],
537,0,,1,,,38,['YJR145C'],
538,0,,-1,,,7,['YML114C'],
539,0,,-1,,,6,['YCR042C'],
540,0,,1,,,32,['YFR031C'],
541,0,,-1,,,25,['YOL120C'],
542,0,,1,,,6,['YOR217W'],
543,0,,-1,,,27,['YNL175C'],
544,0,,1,,,9,['YDR091C'],
545,0,,1,,,5,['YGR084C'],
546,0,,1,,,5,['YPL118W'],
547,0,,1,,,5,['YNL306W'],
548,0,,1,,,5,['YBR146W'],
549,0,,1,,,5,['YKL155C'],
550,0,,1,,,5,['YGL129C'],
551,0,,-1,,,4,['YFR049W'],
552,0,,-1,,,4,['YIL125W'],
553,0,,1,,,7,['YGR135W'],
554,0,,1,,,3,['YBR175W'],
555,0,,1,,,5,['YNL137C'],
556,0,,1,,,23,['YML007W'],
557,0,,1,,,6,['YLR439W'],
558,0,,-1,,,11,['YLR196W'],
559,0,,-1,,,20,['YLR106C'],
560,0,,1,,,5,['YJR113C'],
561,0,,-1,,,4,['YER178W'],
562,0,,1,,,6,['YMR112C'],
563,0,,-1,,,3,['YNL071W'],
564,0,,-1,,,8,['YDR228C'],
565,0,,1,,,6,['YNL005C'],
566,0,,-1,,,5,['YDR005C'],
567,0,,-1,,,5,['YDR148C'],
568,0,,1,,,13,['YDL031W'],
569,0,,1,,,11,['YLR222C'],
570,0,,1,,,6,['YDR308C'],
571,0,,1,,,5,['YJL063C'],
572,0,,1,,,5,['YDR337W'],
573,0,,1,,,8,['YDL098C'],
574,0,,1,,,3,['YJR092W'],
575,0,,1,,,22,['YKL104C'],
576,0,,1,,,5,['YKR085C'],
577,0,,1,,,6,['YNR010W'],
578,0,,1,,,4,['YCR092C'],
579,0,,1,,,8,['YPR082C'],
580,0,,1,,,3,['YAL007C'],
581,0,,-1,,,15,['YLR449W'],
582,0,,-1,,,12,['YFL039C'],
583,0,,1,,,25,['YGL076C'],
584,0,,1,,,3,['YAR002C'],
585,0,,-1,,,10,['YGR232W'],
586,0,,1,,,25,['YHL034C'],
587,0,,-1,,,17,['YIL094C'],
588,0,,1,,,6,['YLR430W'],
589,0,,1,,,6,['YBL041W'],
590,0,,1,,,3,['YHL019C'],
591,0,,1,,,11,['YLR002C'],
592,0,,1,,,18,['YFL037W'],
593,0,,1,,,24,['YDR012W'],
594,0,,-1,,,6,['YFL018C'],
595,0,,1,,,5,['YOL005C'],
596,0,,-1,,,20,['YOR133W'],
597,0,,1,,,3,['YPL259C'],
598,0,,-1,,,3,['YNL021W'],
599,0,,-1,,,3,['YDR295C'],
600,0,,-1,,,3,['YPR179C'],
601,0,,1,,,3,['YLL004W'],
602,0,,-1,,,12,['YGR218W'],
603,0,,1,,,9,['YLL024C'],
604,0,,1,,,13,['YDL213C'],
605,0,,-1,,,29,['YBL072C'],
606,0,,1,,,16,['YMR128W'],
607,0,,-1,,,10,['YMR072W'],
608,0,,-1,,,15,['YDR127W'],
609,0,,-1,,,5,['YMR078C'],
610,0,,-1,,,8,['YDR283C'],
611,0,,1,,,11,['YJR002W'],
612,0,,1,,,4,['YAL013W'],
613,0,,-1,,,11,['YPR189W'],
614,0,,1,,,3,['YGL197W'],
615,0,,1,,,3,['YLR310C'],
616,0,,1,,,10,['YLR186W'],
617,0,,1,,,6,['YOL090W'],
618,0,,1,,,3,['YOR123C'],
619,0,,-1,,,5,['YBR017C'],
620,0,,1,,,9,['YHR148W'],
621,0,,-1,,,8,['YDR174W'],
622,0,,-1,,,4,['YOR250C'],
623,0,,1,,,11,['YLL008W'],
624,0,,1,,,3,['YJL050W'],
625,0,,1,,,4,['YNL049C'],
626,0,,1,,,4,['YDL134C'],
627,0,,-1,,,3,['YHR170W'],
628,0,,-1,,,13,['YGL099W'],
629,0,,1,,,3,['YJR042W'],
630,0,,1,,,29,['YLR432W'],
631,0,,-1,,,3,['YGR193C'],
632,0,,-1,,,4,['YJL080C'],
633,0,,1,,,3,['YKL122C'],
634,0,,1,,,4,['YBR095C'],
635,0,,1,,,9,['YPL266W'],
636,0,,1,,,14,['YOL041C'],
637,0,,1,,,5,['YOR326W'],
638,0,,-1,,,6,['YER164W'],
639,0,,1,,,14,['YDL014W'],
640,0,,-1,,,4,['YFR002W'],
641,0,,-1,,,10,['YER095W'],
642,0,,-1,,,10,['YGR234W'],
643,0,,1,,,16,['YDR064W'],
644,0,,-1,,,12,['YHR169W'],
645,0,,-1,,,13,['YLR153C'],
646,0,,1,,,28,['YPL012W'],
647,0,,-1,,,6,['YJL034W'],
648,0,,-1,,,3,['YDR027C'],
649,0,,-1,,,3,['YDR484W'],
650,0,,-1,,,3,['YJL029C'],
651,0,,1,,,3,['YGR166W'],
652,0,,1,,,3,['YDR407C'],
653,0,,1,,,3,['YMR218C'],
654,0,,1,,,5,['YHR056C'],
655,0,,1,,,5,['YJR068W'],
656,0,,1,,,6,['YBR065C'],
657,0,,1,,,15,['YLL034C'],
658,0,,1,,,4,['YMR237W'],
659,0,,-1,,,31,['YLR175W'],
660,0,,1,,,14,['YER110C'],
661,0,,1,,,12,['YKL009W'],
662,0,,1,,,5,['YOR179C'],
663,0,,1,,,3,['YKL143W'],
664,0,,1,,,3,['YPR036W'],
665,0,,1,,,11,['YLR197W'],
666,0,,-1,,,16,['YHR019C'],
667,0,,1,,,4,['YBR160W'],
668,0,,1,,,5,['YBR135W'],
669,0,,-1,,,13,['YDR214W'],
670,0,,1,,,9,['YGL049C'],
671,0,,1,,,5,['YDL195W'],
672,0,,1,,,12,['YLR075W'],
673,0,,1,,,3,['YIL142W'],
674,0,,1,,,5,['YJL111W'],
675,0,,1,,,17,['YDR025W'],
676,0,,1,,,5,['YOL051W'],
677,0,,1,,,6,['YGR275W'],
678,0,,1,,,5,['YMR024W'],
679,0,,-1,,,3,['YIR003W'],
680,0,,-1,,,5,['YKL007W'],
681,0,,-1,,,7,['YER148W'],
682,0,,1,,,3,['YML109W'],
683,0,,1,,,4,['YOR299W'],
684,0,,1,,,3,['YDL084W'],
685,0,,-1,,,12,['YMR308C'],
686,0,,1,,,15,['YOR096W'],
687,0,,1,,,18,['YPR080W'],
688,0,,1,,,4,['YOR281C'],
689,0,,-1,,,7,['YKL211C'],
690,0,,1,,,3,['YOL115W'],
691,0,,1,,,8,['YLR129W'],
692,0,,-1,,,6,['YJR109C'],
693,0,,-1,,,13,['YBL039C'],
694,0,,1,,,4,['YJL011C'],
695,0,,1,,,12,['YIL069C'],
696,0,,1,,,3,['YNL107W'],
697,0,,-1,,,6,['YMR186W'],
698,0,,-1,,,3,['YMR089C'],
699,0,,-1,,,3,['YER017C'],
700,0,,-1,,,14,['YNL308C'],
701,0,,1,,,10,['YCL011C'],
702,0,,1,,,11,['YBL032W'],
703,0,,1,,,5,['YNL252C'],
704,0,,-1,,,3,['YDR381W'],
705,0,,1,,,5,['YGR161C'],
706,0,,1,,,5,['YDR116C'],
707,0,,-1,,,6,['YLR342W'],
708,0,,-1,,,11,['YOR204W'],
709,0,,1,,,3,['YDR188W'],
710,0,,-1,,,3,['YGR119C'],
711,0,,1,,,5,['YGL133W'],
712,0,,1,,,4,['YMR075W'],
713,0,,-1,,,3,['YGR281W'],
714,0,,1,,,9,['YMR142C'],
715,0,,-1,,,11,['YOR136W'],
716,0,,1,,,3,['YNL282W'],
717,0,,1,,,25,['YAL035W'],
718,0,,-1,,,7,['YBR049C'],
719,0,,1,,,3,['YBR136W'],
720,0,,-1,,,3,['YNL118C'],
721,0,,-1,,,3,['YEL015W'],
722,0,,-1,,,3,['YOL149W'],
723,0,,-1,,,10,['YBR084W'],
724,0,,1,,,12,['YLR340W'],
725,0,,-1,,,11,['YER086W'],
726,0,,1,,,3,['YOR210W'],
727,0,,-1,,,12,['YML056C'],
728,0,,1,,,4,['YMR188C'],
729,0,,-1,,,9,['YHR216W'],
730,0,,1,,,4,['YKL167C'],
731,0,,1,,,4,['YKR006C'],
732,0,,-1,,,12,['YOL127W'],
733,0,,1,,,7,['YLL011W'],
734,0,,-1,,,2,['YBR267W'],
735,0,,1,,,15,['YGL030W'],
736,0,,1,,,8,['YFR009W'],
737,0,,1,,,11,['YBR189W'],
738,0,,1,,,5,['YOR304W'],
739,0,,-1,,,3,['YGL044C'],
740,0,,1,,,20,['YJL130C'],
741,0,,1,,,16,['YJR123W'],
742,0,,-1,,,8,['YKL010C'],
743,0,,-1,,,14,['YML024W'],
744,0,,-1,,,9,['YGR081C'],
745,0,,-1,,,6,['YFR040W'],
746,0,,1,,,4,['YDR099W'],
747,0,,1,,,5,['YER177W'],
748,0,,1,,,4,['YDR364C'],
749,0,,1,,,3,['YOR144C'],
750,0,,1,,,3,['YLR079W'],
751,0,,1,,,6,['YGR145W'],
752,0,,-1,,,4,['YIL034C'],
753,0,,1,,,12,['YNL178W'],
754,0,,1,,,5,['YLR448W'],
755,0,,1,,,6,['YER012W'],
756,0,,1,,,4,['YOR014W'],
757,0,,-1,,,2,['YPL049C'],
758,0,,1,,,7,['YNL075W'],
759,0,,-1,,,5,['YPL226W'],
760,0,,1,,,3,['YNL212W'],
761,0,,-1,,,5,['YNL055C'],
762,0,,-1,,,10,['YLR259C'],
763,0,,1,,,12,['YAL038W'],
764,0,,1,,,3,['YGL252C'],
765,0,,-1,,,4,['YPL020C'],
766,0,,-1,,,3,['YEL056W'],
767,0,,-1,,,3,['YPL001W'],
768,0,,-1,,,3,['YLL022C'],
769,0,,1,,,3,['YDL018C'],
770,0,,1,,,4,['YDL043C'],
771,0,,-1,,,6,['YNL209W'],
772,0,,1,,,4,['YNL222W'],
773,0,,-1,,,4,['YNL085W'],
774,0,,1,,,10,['YBR031W'],
775,0,,1,,,2,['YER027C'],
776,0,,1,,,2,['YER129W'],
777,0,,1,,,2,['YDR422C'],
778,0,,1,,,2,['YGL208W'],
779,0,,-1,,,4,['YLR398C'],
780,0,,1,,,2,['YDR028C'],
781,0,,-1,,,13,['YBL087C'],
782,0,,1,,,4,['YPR101W'],
783,0,,-1,,,12,['YPL220W'],
784,0,,-1,,,7,['YPL061W'],
785,0,,-1,,,18,['YGR214W'],
786,0,,-1,,,11,['YPL129W'],
787,0,,1,,,8,['YJL190C'],
788,0,,-1,,,4,['YIL161W'],
789,0,,-1,,,4,['YNL023C'],
790,0,,-1,,,10,['YML063W'],
791,0,,-1,,,12,['YDR447C'],
792,0,,1,,,4,['YBR109C'],
793,0,,-1,,,7,['YLL040C'],
794,0,,-1,,,3,['YGR116W'],
795,0,,-1,,,7,['YMR012W'],
796,0,,-1,,,3,['YIL144W'],
797,0,,-1,,,3,['YER018C'],
798,0,,-1,,,3,['YNL126W'],
799,0,,-1,,,3,['YHR172W'],
800,0,,-1,,,3,['YPL120W'],
801,0,,-1,,,3,['YLR360W'],
802,0,,-1,,,3,['YKL088W'],
803,0,,-1,,,3,['YMR172W'],
804,0,,-1,,,3,['YBR025C'],
805,0,,1,,,3,['YOR267C'],
806,0,,1,,,4,['YCR071C'],
807,0,,1,,,3,['YDR264C'],
808,0,,1,,,5,['YKL196C'],
809,0,,1,,,3,['YJL002C'],
810,0,,1,,,3,['YEL002C'],
811,0,,-1,,,3,['YLR029C'],
812,0,,-1,,,4,['YPR175W'],
813,0,,-1,,,4,['YNL262W'],
814,0,,1,,,4,['YOR150W'],
815,0,,-1,,,7,['YPL249C'],
816,0,,-1,,,3,['YGL241W'],
817,0,,-1,,,6,['YDL075W'],
818,0,,-1,,,4,['YER151C'],
819,0,,-1,,,4,['YDL066W'],
820,0,,-1,,,5,['YLR048W'],
821,0,,-1,,,6,['YKR048C'],
822,0,,-1,,,2,['YNR051C'],
823,0,,1,,,2,['YDR074W'],
824,0,,1,,,3,['YBR126C'],
825,0,,1,,,4,['YMR109W'],
826,0,,1,,,3,['YBR122C'],
827,0,,-1,,,4,['YDR121W'],
828,0,,-1,,,2,['YDR450W'],
829,0,,1,,,4,['YMR193W'],
830,0,,1,,,3,['YNL113W'],
831,0,,1,,,4,['YMR227C'],
832,0,,-1,,,7,['YKL081W'],
833,0,,-1,,,3,['YER139C'],
834,0,,1,,,3,['YBL090W'],
835,0,,-1,,,11,['YLR367W'],
836,0,,1,,,7,['YOR145C'],
837,0,,-1,,,2,['YDL149W'],
838,0,,-1,,,3,['YKL139W'],
839,0,,-1,,,3,['YJL006C'],
840,0,,1,,,2,['YDR118W'],
841,0,,1,,,2,['YLR102C'],
842,0,,1,,,3,['YLR312W'],
843,0,,1,,,3,['YHR081W'],
844,0,,-1,,,3,['YDR502C'],
845,0,,1,,,2,['YDL143W'],
846,0,,-1,,,2,['YNL201C'],
847,0,,-1,,,2,['YBL046W'],
848,0,,-1,,,2,['YKL028W'],
849,0,,1,,,3,['YDR175C'],
850,0,,-1,,,7,['YHL011C'],
851,0,,1,,,2,['YDR469W'],
852,0,,-1,,,3,['YCL037C'],
853,0,,-1,,,3,['YLR441C'],
854,0,,-1,,,4,['YLR249W'],
855,0,,-1,,,2,['YJR132W'],
856,0,,-1,,,4,['YER036C'],
857,0,,1,,,2,['YMR199W'],
858,0,,1,,,2,['YPL256C'],
859,0,,1,,,2,['YDR001C'],
860,0,,1,,,3,['YNL177C'],
861,0,,1,,,2,['YNL253W'],
862,0,,-1,,,2,['YBL074C'],
863,0,,1,,,4,['YGR233C'],
864,0,,1,,,2,['YJL005W'],
865,0,,-1,,,2,['YOL069W'],
866,0,,-1,,,2,['YMR117C'],
867,0,,-1,,,2,['YAL047C'],
868,0,,-1,,,2,['YLR212C'],
869,0,,1,,,2,['YNL138W'],
870,0,,-1,,,2,['YBR097W'],
871,0,,-1,,,2,['YLR240W'],
872,0,,-1,,,4,['YPL106C'],
873,0,,1,,,3,['YJR033C'],
874,0,,-1,,,2,['YKL014C'],
875,0,,-1,,,3,['YLR221C'],
876,0,,-1,,,4,['YML117W'],
877,0,,-1,,,5,['YDR335W'],
878,0,,1,,,2,['YML077W'],
879,0,,1,,,2,['YDR246W'],
880,0,,-1,,,4,['YDR517W'],
881,0,,-1,,,4,['YER155C'],
882,0,,1,,,2,['YOR036W'],
883,0,,1,,,2,['YMR197C'],
884,0,,-1,,,2,['YDR075W'],
885,0,,1,,,2,['YDL155W'],
886,0,,1,,,2,['YMR149W'],
887,0,,1,,,2,['YGL022W'],
888,0,,-1,,,2,['YER071C'],
889,0,,-1,,,4,['YHL033C'],
890,0,,-1,,,2,['YKL119C'],
891,0,,1,,,6,['YOR181W'],
892,0,,-1,,,3,['YGL206C'],
893,0,,1,,,2,['YML100W'],
894,0,,-1,,,2,['YNL078W'],
895,0,,1,,,3,['YCR028C'],
896,0,,-1,,,4,['YKR059W'],
897,0,,-1,,,1,['YMR167W'],
898,0,,1,,,1,['YHR020W'],
899,0,,-1,,,2,['YGL016W'],
900,0,,1,,,2,['YMR239C'],
901,0,,1,,,5,['YDR087C'],
902,0,,1,,,1,['YDL082W'],
903,0,,-1,,,2,['YJR121W'],
904,0,,-1,,,3,['YDL171C'],
905,0,,1,,,3,['YFR024C'],
906,0,,-1,,,1,['YPR102C'],
907,0,,1,,,1,['YPL081W'],
908,0,,-1,,,3,['YER171W'],
909,0,,-1,,,3,['YIL128W'],
910,0,,-1,,,1,['YGR240C'],
911,0,,-1,,,2,['YOL098C'],
912,0,,-1,,,2,['YNL243W'],
913,0,,-1,,,2,['YMR304W'],
914,0,,-1,,,3,['YOR243C'],
915,0,,-1,,,3,['YDR225W'],
916,0,,-1,,,2,['YGL213C'],
917,0,,-1,,,1,['YKL152C'],
918,0,,-1,,,2,['YGR167W'],
919,0,,-1,,,1,['YKL039W'],
920,0,,-1,,,2,['YGR192C'],
921,0,,-1,,,3,['YGL103W'],
922,0,,-1,,,2,['YML112W'],
923,0,,1,,,3,['YPL042C'],
924,0,,-1,,,2,['YJL039C'],
925,0,,-1,,,4,['YPR112C'],
926,0,,-1,,,2,['YDR207C'],
927,0,,-1,,,1,['YDR434W'],
928,0,,-1,,,4,['YDR171W'],
929,0,,-1,,,4,['YDR170C'],
930,0,,-1,,,2,['YGL245W'],
931,0,,-1,,,3,['YDL015C'],
932,0,,-1,,,2,['YAL005C'],
933,0,,-1,,,1,['YPR093C'],
934,0,,1,,,2,['YHR110W'],
935,0,,1,,,3,['YKR060W'],
936,0,,1,,,2,['YHR039C'],
937,0,,-1,,,2,['YOL070C'],
938,0,,-1,,,1,['YKR022C'],
939,0,,-1,,,2,['YKL157W'],
940,0,,-1,,,2,['YBR158W'],
941,0,,1,,,1,['YDR202C'],
942,0,,1,,,2,['YJR050W'],
943,0,,1,,,2,['YNL076W'],
944,0,,1,,,1,['YDR299W'],
945,0,,-1,,,2,['YFL045C'],
946,0,,1,,,2,['YEL018W'],
947,0,,-1,,,2,['YHR128W'],
948,0,,-1,,,2,['YOR319W'],
949,0,,1,,,1,['YIL133C'],
950,0,,1,,,2,['YIR002C'],
951,0,,-1,,,2,['YOR098C'],
952,0,,1,,,1,['YBR282W'],
953,0,,-1,,,2,['YEL022W'],
954,0,,-1,,,4,['YEL054C'],
955,0,,1,,,1,['YMR261C'],
956,0,,1,,,3,['YBR105C'],
957,0,,-1,,,2,['YIR009W'],
958,0,,1,,,1,['YGR063C'],
959,0,,1,,,2,['YBL007C'],
960,0,,-1,,,2,['YKL182W'],
961,0,,1,,,2,['YGL171W'],
962,0,,-1,,,1,['YGL246C'],
963,0,,-1,,,1,['YJR041C'],
964,0,,-1,,,1,['YOL144W'],
965,0,,-1,,,2,['YGR180C'],
966,0,,-1,,,2,['YOR230W'],
967,0,,-1,,,2,['YJL026W'],
968,0,,1,,,2,['YOL001W'],
969,0,,1,,,2,['YPL031C'],
970,0,,1,,,2,['YDL229W'],
971,0,,-1,,,2,['YBR125C'],
972,0,,-1,,,2,['YDR186C'],
973,0,,-1,,,2,['YGR261C'],
974,0,,-1,,,2,['YBR288C'],
975,0,,-1,,,2,['YPL195W'],
976,0,,-1,,,2,['YKR079C'],
977,0,,-1,,,2,['YJL208C'],
978,0,,-1,,,2,['YMR099C'],
979,0,,1,,,2,['YNL153C'],
980,0,,1,,,2,['YGR078C'],
981,0,,1,,,2,['YLR200W'],
982,0,,-1,,,1,['YKR028W'],
983,0,,1,,,1,['YBR114W'],
984,0,,-1,,,1,['YPL128C'],
985,0,,-1,,,1,['YJR045C'],
986,0,,-1,,,1,['YDR069C'],
987,0,,-1,,,1,['YLR325C'],
988,0,,-1,,,1,['YLR035C'],
989,0,,-1,,,1,['YNL082W'],
